{"cameraMode":{"drawMode":0,"name":"Shaded","section":"Shading Mode"},"sceneLighting":false,"audioPlay":false,"sceneViewState":{"m_AlwaysRefresh":false,"showFog":true,"showSkybox":false,"showFlares":true,"showImageEffects":true,"showParticleSystems":true,"showVisualEffectGraphs":true,"m_FxEnabled":true},"in2DMode":false,"pivot":{"x":-0.37337714433670046,"y":-1.3224756717681885,"z":-3.2616372108459474},"rotation":{"x":-0.008012156002223492,"y":0.9807609915733337,"z":-0.19065451622009278,"w":-0.04121622070670128},"size":2.8583121299743654,"orthographic":false}